ID,Name,Email,Start,Gone,Gone.Date,Printed Name
1,Adam Ford,NA,NA,TRUE,2012-04-13,Adam Ford
2,Adam Wilkinson,NA,2012-09-19,FALSE,NA,Adam Wilkinson
3,Adria Hussain,adriahussain@hotmail.com,NA,TRUE,2011-09-22,Adria Hussain
4,Alana Schick,schick@zoology.ubc.ca,NA,FALSE,NA,Alana Schick
6,Alathea Lelaw,alathea@zoology.ubc.ca,NA,TRUE,2011-04-28,Alathea LeTaw
6,Alathea LeTaw,NA,2012-09-19,FALSE,NA,Alathea LeTaw
7,Aleeza Gerstein,gerstein@zoology.ubc.ca,NA,TRUE,NA,Aleeza Gerstein
8,Aliny Pires,NA,2012-06-13,TRUE,2013-01-01,Aliny Pires
9,Alison Poner,NA,2012-11-28,FALSE,NA,Alison Poner
10,Alistair Blachford,alistair@zoology.ubc.ca,NA,FALSE,NA,Alistair Blachford
11,Allan DeBono,allen.debono@gmail.com,NA,FALSE,NA,Allan DeBono
12,Allison Barnes,NA,NA,TRUE,2011-12-06,Allison Barnes
13,Amber Saundry,asaundry@interchange.ubc.ca,NA,TRUE,2012-04-13,Amber Saundry
14,Ana Gonzalves,NA,2012-09-19,TRUE,NA,Ana Gonzalves
15,Anastasia Kuzmin,NA,NA,TRUE,NA,Anastasia Kuzmin
16,Andrea H,NA,NA,FALSE,NA,Andrea H
17,Andr\'ea Stephens,stephens@zoology.ubc.ca,NA,TRUE,2012-08-01,Andr\'ea Stephens
17,Andrea Stephens,stephens@zoology.ubc.ca,NA,TRUE,2012-08-01,Andr\'ea Stephens
18,Andrew MacDonald,macdonald@zoology.ubc.ca,NA,FALSE,NA,Andrew MacDonald
19,Ang\'elica Gonz\'alez,NA,NA,FALSE,NA,Ang\'elica Gonz\'alez
19,Angelica Gonzalez,NA,NA,FALSE,NA,Ang\'elica Gonz\'alez
20,Angie Nicolas,NA,2012-11-28,FALSE,NA,Angie Nicolas
14,Anna Gon\c{c}alves,NA,2012-04-13,TRUE,NA,Anna Gon\c{c}alves
14,Anna Gonzalves,NA,2012-04-13,TRUE,NA,Anna Gon\c{c}alves
22,Anna Maria Csergio,NA,2012-11-28,FALSE,NA,Anna Maria Csergio
22,Anna Maria Cserglo,NA,2012-10-05,FALSE,NA,Anna Maria Csergio
24,Anna Van Tol,NA,NA,TRUE,2012-06-12,Anna Van Tol
25,Anne Bjorkman,NA,2012-04-13,FALSE,NA,Anne Bjorkman
26,Anne Dalziel,dalziel@zoology.ubc.ca,NA,TRUE,NA,Anne Dalziel
27,Annika,NA,2012-11-28,FALSE,NA,Annika
28,Armando Geraldes,geraldes@interchange.ubc.ca,NA,FALSE,NA,Armando Geraldes
29,Arne Mooers,NA,NA,TRUE,2012-06-12,Arne Mooers
30,Art Shostak,NA,NA,TRUE,2011-06-14,Art Shostak
31,Ashley Smith,NA,NA,TRUE,2012-01-30,Ashley Smith
32,Barbara Koot,NA,2012-11-28,FALSE,NA,Barbara Koot
33,Becca Gooding,gooding@zoology.ubc.ca,NA,FALSE,NA,Becca Gooding
34,Becca Kordas,kordas@zoology.ubc.ca,NA,FALSE,NA,Becca Kordas
35,Bep Schippers,beps@beatymuseum.ubc.ca,NA,TRUE,2011-01-19,Bep Schippers
36,Bill Harrower,NA,NA,FALSE,NA,Bill Harrower
37,Birgit Schwarz,NA,NA,FALSE,NA,Birgit Schwarz
38,Brianna Wright,NA,NA,FALSE,NA,Brianna Wright
39,Bridget Conneely,conneely@zoology.ubc.ca,NA,TRUE,2012-04-13,Bridget Conneely
40,Brook Moyers,brook.moyers@gmail.com,NA,FALSE,NA,Brook Moyers
41,Cait Nelson,NA,NA,FALSE,NA,Cait Nelson
42,Camille Cacnio,NA,NA,TRUE,2010-09-27,Camille Cacnio
43,Carling Gerlinsky,NA,NA,FALSE,NA,Carling Gerlinsky
44,Carl Rothfels,NA,2013-01-28,FALSE,NA,Carl Rothfels
45,Caroline Chenard,cchenard@eos.ubc.ca,NA,FALSE,NA,Caroline Chenard
46,Catherine Hoffman,NA,2012-10-05,FALSE,NA,Catherine Hoffman
47,Charles Hefer,charles.hefer@gmail.com,NA,FALSE,NA,Charles Hefer
48,Charlotte Whitney,NA,NA,FALSE,NA,Charlotte Whitney
49,Chris Grassa,c.j.grassa@gmail.com,NA,FALSE,NA,Chris Grassa
50,Chris Harley,NA,NA,FALSE,NA,Chris Harley
51,Chris Sears,NA,NA,FALSE,NA,Chris Sears
52,Christine Grossen,NA,2013-02-08,FALSE,NA,Christine Grossen
53,Christine Woollacott,NA,NA,TRUE,2012-04-14,Christine Woollacott
54,Daisie Huang,NA,2012-06-12,FALSE,NA,Daisie Huang
55,Dan Ebert,dpebert@gmail.com,NA,FALSE,NA,Dan Ebert
56,Darah Gibson,NA,NA,TRUE,2010-09-27,Darah Gibson
57,Dave Allen,NA,NA,FALSE,NA,Dave Allen
58,David Smith,NA,NA,FALSE,NA,David Smith
59,David Van Dyken,vandyken@zoology.ubc.ca,NA,FALSE,NA,David Van Dyken
60,Denis Tikhonenkov,NA,2012-06-12,FALSE,NA,Denis Tikhonenkov
61,Diana Rennison,NA,NA,FALSE,NA,Diana Rennison
62,Diane Srivastava,srivast@zoology.ubc.ca,NA,FALSE,NA,Diane Srivastava
63,Dolph Schluter,NA,NA,FALSE,NA,Dolph Schluter
114,Draghi,NA,2012-09-19,TRUE,NA,Jeremy Draghi
65,Dylan Burge,NA,2013-01-28,FALSE,NA,Dylan Burge
66,Edd Hammill,NA,NA,TRUE,NA,Edd Hammill
67,Edy Piascik,NA,NA,FALSE,NA,Edy Piascik
69,Eisabeth Hehenberger,NA,2012-09-19,FALSE,NA,Elisabeth Hehenberger
69,Elisabeth Hehenberger,NA,2012-11-28,FALSE,NA,Elisabeth Hehenberger
70,Elizabeth Kleynhans,NA,NA,FALSE,NA,Elizabeth Kleynhans
71,Emily LeDue,NA,NA,TRUE,2010-11-04,Emily LeDue
72,Emily Lomax,NA,2012-09-19,FALSE,NA,Emily Lomax
73,Erika Robertson,NA,2012-04-13,FALSE,NA,Erika Robertson
74,Esa Koskela,NA,NA,TRUE,NA,Esa Koskela
75,Eve Rickert,exhibits@zoology.ubc.ca,NA,TRUE,2011-12-06,Eve Rickert
76,Fabien Burki,burkif@interchange.ubc.ca,NA,FALSE,NA,Fabien Burki
77,Florence D\'ebarre,NA,NA,FALSE,NA,Florence D\'ebarre
77,Florence Debarre,NA,NA,FALSE,NA,Florence D\'ebarre
78,Floyd Bardell,erudicus@gmail.com,NA,FALSE,NA,Floyd Bardell
79,Genevieve Leduc-Robert,NA,2012-09-19,FALSE,NA,Genevieve Leduc-Robert
80,Genn Meldrum,NA,NA,TRUE,NA,Genn Meldrum
81,Gerrit Velema,velema@zoology.ubc.ca,NA,TRUE,2012-04-13,Gerrit Velema
82,Gina Conte,conte@zoology.ubc.ca,NA,FALSE,NA,Gina Conte
83,Golya Mirderikvand,NA,2012-04-13,TRUE,NA,Golya Mirderikvand
84,Greg Baute,gregbaute@gmail.com,NA,FALSE,NA,Greg Baute
85,Greg Gavelis,NA,2012-06-12,FALSE,NA,Greg Gavelis
86,Gregory Crutsinger,NA,NA,FALSE,NA,Gregory Crutsinger
87,Gregory Ross,NA,NA,FALSE,NA,Gregory Ross
88,Greg Owens,NA,2012-06-12,FALSE,NA,Greg Owens
89,Gwylim Blackburn,gwylim@interchange.ubc.ca,NA,FALSE,NA,Gwylim Blackburn
90,Gyan Harwood,gyan_harwood@hotmail.com,NA,FALSE,NA,Gyan Harwood
91,Hamish Grieg,NA,NA,TRUE,2011-08-19,Hamish Grieg
92,Hannes Dempewolf,handem@interchange.ubc.ca,NA,TRUE,NA,Hannes Dempewolf
93,Hanson Wong,NA,NA,FALSE,NA,Hanson Wong
94,Heather Piwowar,hpiwowar@gmail.com,NA,FALSE,NA,Heather Piwowar
239,Heger Thierry,NA,NA,FALSE,NA,Thierry Heger
96,Hildegard,NA,NA,TRUE,2011-09-22,Hildegard
97,Holly Kindsvater,NA,2012-10-05,FALSE,NA,Holly Kindsvater
99,Itay Mayrose,itaymay@gmail.com,NA,TRUE,2011-09-22,Itay Mayrose
99,Itay Mayrose ,NA,2012-11-28,TRUE,NA,Itay Mayrose 
100,Jamie Leathem,NA,NA,FALSE,NA,Jamie Leathem
102,Jana,NA,2012-09-19,FALSE,NA,Jana Petermann
102,Jana Petermann,petermann@zoology.ubc.ca,NA,TRUE,2011-12-06,Jana Petermann
103,Jan Einke,NA,2012-06-12,FALSE,NA,Jan Einke
105,Janet Maclean,NA,2012-11-28,TRUE,NA,Janet MacLean
105,Janet MacLean,NA,2012-09-19,TRUE,NA,Janet MacLean
106,Jan Janouskovec,NA,NA,FALSE,NA,Jan Janouskovec
106,Jan Janousleovec,NA,2012-11-28,FALSE,NA,Jan Janouskovec
108,Jasmine Ono,onoj@interchange.ubc.ca,NA,FALSE,NA,Jasmine Ono
109,Jeff Werner,jeff@jeffwerner.ca,NA,TRUE,2011-07-15,Jeff Werner
110,Jennifer Guevara,guevara@zoology.ubc.ca,NA,FALSE,NA,Jennifer Guevara
111,Jennifer Ruskey,NA,2012-11-28,FALSE,NA,Jennifer Ruskey
112,Jennifer Wirth,NA,2012-04-13,FALSE,NA,Jennifer Wirth
113,Jenn Jorve,jorve@zoology.ubc.ca,NA,TRUE,NA,Jenn Jorve
114,Jeremy Draghi,NA,2012-10-05,FALSE,NA,Jeremy Draghi
115,Jessica Garzke,NA,2012-06-12,FALSE,NA,Jessica Garzke
116,Jessica Lu,NA,NA,FALSE,NA,Jessica Lu
117,Ji Yang,albertoy@yahoo.com,NA,FALSE,NA,Ji Yang
118,Jocelyn Nelson,nelson@zoology.ubc.ca,NA,FALSE,NA,Jocelyn Nelson
119,Joey Bernhardt,NA,2012-04-13,FALSE,NA,Joey Bernhardt
120,Jon Mee,mee@zoology.ubc.ca,NA,TRUE,2012-06-12,Jon Mee
121,Jon Shurin,shurin@zoology.ubc.ca,NA,TRUE,2012-04-13,Jon Shurin
122,JS Moore,jsmoore@zoology.ubc.ca,NA,TRUE,NA,JS Moore
123,Juan Santos,NA,2012-11-28,FALSE,NA,Juan Santos
124,Julia Gustavsen,jgustavs@eos.ubc.ca,NA,FALSE,NA,Julia Gustavsen
125,Julian Heavyside,NA,2012-06-12,FALSE,NA,Julian Heavyside
126,Karen Magnuson-Ford,kmagnuso@zoology.ubc.ca,NA,TRUE,NA,Karen Magnuson-Ford
127,Kat Anderson,NA,NA,FALSE,NA,Kat Anderson
128,Kate Ostevik,kate.ostevik@gmail.com,NA,FALSE,NA,Kate Ostevik
129,Katherine Ransom,admissions@beatymuseum.ubc.ca,NA,FALSE,NA,Katherine Ransom
130,Kathryn Turner,kathryn.g.turner@gmail.com,NA,FALSE,NA,Kathryn Turner
131,Katie Lotterhos,NA,2012-04-13,FALSE,NA,Katie Lotterhos
132,Katrina Dlugosch,katrina.dlugosch@gmail.com,NA,TRUE,2011-04-28,Katrina Dlugosch
133,Kay Hodgins,hodgins@zoology.ubc.ca,NA,FALSE,NA,Kay Hodgins
134,Keith Adams,NA,2012-11-28,FALSE,NA,Keith Adams
135,Kevin Wakeman,NA,NA,FALSE,NA,Kevin Wakeman
136,Kieran Samuk,samuk@zoology.ubc.ca,NA,FALSE,NA,Kieran Samuk
137,Kira Delmore,kdelmore@zoology.ubc.ca,NA,FALSE,NA,Kira Delmore
138,Kristin Nurkowski,NA,2012-10-05,FALSE,NA,Kristin Nurkowski
139,Kyle Crowther,NA,2012-11-28,FALSE,NA,Kyle Crowther
140,Larissa Schaub,NA,2012-09-19,FALSE,NA,Larissa Schaub
141,Leah Blaney,leah.blaney@beatymuseum.ubc.ca,NA,TRUE,2010-12-07,Leah Blaney
142,Lesha Koop Hines,leshakoophines@gmail.com,NA,FALSE,NA,Lesha Koop Hines
143,Leticia,NA,2012-09-19,FALSE,NA,Leticia
144,Linda Quamme,NA,NA,TRUE,2012-04-13,Linda Quamme
145,Lindsay Aylesworth,NA,NA,FALSE,NA,Lindsay Aylesworth
146,Lizzie Wolkovich,NA,NA,FALSE,NA,Lizzie Wolkovich
147,Loren Rieseberg,lriesebe@interchange.ubc.ca,NA,FALSE,NA,Loren Rieseberg
148,Luke Halpin,NA,NA,FALSE,NA,Luke Halpin
149,Marco Todesco,NA,2013-01-28,FALSE,NA,Marco Todesco
150,Mariana Diaz,NA,NA,FALSE,NA,Mariana Diaz
151,Mariano Rodriguez-Cabal,NA,2013-01-28,FALSE,NA,Mariano Rodriguez-Cabal
152,Marilou Bourduges,NA,2012-09-19,FALSE,NA,Marilou Bourdages
153,Mark Rendel,NA,NA,TRUE,2010-11-04,Mark Rendel
154,Marli Vlok,NA,2012-04-13,FALSE,NA,Marli Vlok
155,Marybel Soto,NA,2012-09-19,FALSE,NA,Marybel Soto
156,Mary O'Connor,oconnor@zoology.ubc.ca,NA,FALSE,NA,Mary O'Connor
157,Matt Barbour,NA,NA,FALSE,NA,Matt Barbour
158,Matt Casselman,NA,NA,FALSE,NA,Matt Casselman
159,Matt Herron,xprinceps@gmail.com,NA,TRUE,2012-04-13,Matt Herron
160,Matt Osmond,NA,2012-09-19,FALSE,NA,Matt Osmond
161,Matt Siegle,siegle@zoology.ubc.ca,NA,FALSE,NA,Matt Siegle
162,Matty Hartfield,NA,NA,TRUE,2010-09-27,Matty Hartfield
163,Maxence Salomon,saloman@zoology.ubc.ca,NA,FALSE,NA,Maxence Salomon
164,Maya Christie,kat_christie@yahoo.com,NA,TRUE,2011-01-19,Maya Christie
165,Megan Bontrager,NA,2012-09-19,FALSE,NA,Megan Bontrager
166,Megan Long,NA,NA,TRUE,2010-12-07,Megan Long
167,Megan Vaughan,NA,2012-09-19,FALSE,NA,Megan Vaughan
168,Melissa Bodner,mbodner@zoology.ubc.ca,NA,FALSE,NA,Melissa Bodner
169,Michael Scott,NA,NA,FALSE,NA,Michael Scott
170,Michael Sheriff,sheriff@zoology.ubc.ca,NA,TRUE,2012-06-12,Michael Sheriff
171,Mike Champion,NA,2012-09-19,FALSE,NA,Mike Champion
172,Mike Whitlock,whitlock@zoology.ubc.ca,NA,FALSE,NA,Mike Whitlock
173,Mine Salkin,NA,NA,TRUE,2010-12-07,Mine Salkin
174,Nancy Lee,nancy.lee@beatymuseum.ubc.ca,NA,FALSE,NA,Nancy Lee
175,Naoji Yubuki,NA,NA,FALSE,NA,Naoji Yubuki
176,Naomi Fast,NA,2012-04-13,FALSE,NA,Naomi Fast
177,Nathan Kraft,nkraft@biodiversity.ubc.ca,NA,TRUE,NA,Nathan Kraft
178,Navdeep Gill,NA,NA,FALSE,NA,Navdeep Gill
179,Nicola Smith,nsmith@zoology.ubc.ca,NA,TRUE,2010-09-27,Nicola Smith
180,Nicole Littlemore,NA,2012-06-12,FALSE,NA,Nicole Littlemore
181,Ninam Cormetto,NA,2012-11-28,FALSE,NA,Ninam Cormetto
182,Nolan Kane,nkane@interchange.ubc.ca,NA,TRUE,2012-04-13,Nolan Kane
184,Noriko O,noricorino@gmail.com,NA,FALSE,NA,Noriko Okamoto
184,Noriko Okamoto,NA,2012-11-28,FALSE,NA,Noriko Okamoto
185,Nyssa Temmel,ntemmel@interchange.ubc.ca,NA,TRUE,NA,Nyssa Temmel
186,Pamela Matute,NA,NA,TRUE,2011-07-15,Pamela Matute
187,Patrick Thompson,NA,NA,TRUE,2009-12-01,Patrick Thompson
188,Pat Tamkee,tamkee@zoology.ubc.ca,NA,FALSE,NA,Pat Tamkee
189,Paula Omena,NA,2012-07-19,FALSE,NA,Paula Omena
190,Paul Halychuk,NA,NA,TRUE,2011-08-19,Paul Halychuk
191,Pavel Kratina,NA,NA,TRUE,2011-12-06,Pavel Kratina
192,Penny Birnam,NA,NA,FALSE,NA,Penny Birnam
193,Peter deKoning,NA,NA,TRUE,NA,Peter deKoning
194,Qin Li,NA,2013-01-28,FALSE,NA,Qin Li
195,Rachel Poliquin,NA,NA,TRUE,2010-09-27,Rachel Poliquin
196,Rebecca Seifert,NA,NA,FALSE,NA,Rebecca Seifert
197,Reme Beyers,NA,NA,FALSE,NA,Reme Beyers
198,Rich FitzJohn,fitzjohn@zoology.ubc.ca,NA,TRUE,2012-08-01,Rich FitzJohn
199,Rick Taylor,etaylor@zoology.ubc.ca,NA,FALSE,NA,Rick Taylor
200,Robert Colautti,NA,2012-07-19,FALSE,NA,Robert Colautti
201,Robin LeCraw,lecraw@zoology.ubc.ca,NA,FALSE,NA,Robin LeCraw
202,Rose Andrew,roseandr@interchange.ubc.ca,NA,FALSE,NA,Rose Andrew
203,Ross Whippo,NA,NA,FALSE,NA,Ross Whippo
204,Rowan Barrett,rbarrett@zoology.ubc.ca,NA,TRUE,2011-01-19,Rowan Barrett
205,Roy Turkington,NA,NA,FALSE,NA,Roy Turkington
206,Rudi Verspoor,NA,NA,TRUE,2011-02-23,Rudi Verspoor
207,Russ Markel,markel@zoology.ubc.ca,NA,TRUE,2012-04-13,Russ Markel
208,Ruth Sharpe,NA,NA,FALSE,NA,Ruth Sharpe
209,Ryan Germain,NA,NA,FALSE,NA,Ryan Germain
210,Ryan Shartau,shartau@zoology.ubc.ca,NA,FALSE,NA,Ryan Shartau
211,Sabrina Shartau,sabrina.shartau@beatymuseum.ubc.ca,NA,FALSE,NA,Sabrina Shartau
212,Saemi Sveinsson,saemi@interchange.ubc.ca,NA,FALSE,NA,Saemi Sveinsson
213,Sally Aitken,NA,2013-04-16,FALSE,NA,Sally Aitken
214,Sally Otto,otto@zoology.ubc.ca,NA,FALSE,NA,Sally Otto
215,Sam Yeaman,NA,NA,FALSE,NA,Sam Yeaman
216,Santiago David,NA,2013-01-28,FALSE,NA,Santiago David
217,Sarah Amundrud,NA,2012-09-19,FALSE,NA,Sarah Amundrud
218,Sarah Yakimowski,NA,2013-01-28,FALSE,NA,Sarah Yakimowski
219,Sara Miller,NA,NA,FALSE,NA,Sara Miller
220,Scott Donker,NA,NA,TRUE,2012-04-13,Scott Donker
221,S\'ebastien Renaut,NA,NA,FALSE,NA,S\'ebastien Renaut
221,Sebastien Renaut,NA,NA,FALSE,NA,S\'ebastien Renaut
222,Shao-Lun Liu,NA,NA,FALSE,NA,Shao-Lun Liu
223,Shiao Hayakawa,NA,NA,FALSE,NA,Shiao Hayakawa
224,Sigal Friedmann,sigal@telus.net,NA,TRUE,2011-07-15,Sigal Friedmann
226,Simone Immle,NA,NA,TRUE,2011-08-19,Simone Immle
226,Simon Eimmler,NA,2012-09-19,FALSE,NA,Simone Immle
227,Sonja Rummell,serummell@gmail.com,NA,TRUE,2012-04-13,Sonja Rummell
228,Stefan Dick,dick@zoology.ubc.ca,NA,FALSE,NA,Stefan Dick
229,Stephanie Ag,NA,NA,FALSE,NA,Stephanie Ag
230,Stephanie Avery,NA,NA,FALSE,NA,Stephanie Avery
231,Steve Henstra,NA,NA,FALSE,NA,Steve Henstra
232,Stilianos Louca,NA,2012-11-28,FALSE,NA,Stilianos Louca
233,Susan Fassnacht,NA,2012-09-19,FALSE,NA,Susan Fassnacht
234,Tanya MacInnes,NA,NA,FALSE,NA,Tanya MacInnes
235,Teale Dunsford,NA,2012-06-12,FALSE,NA,Teale Dunsford
236,Ted Hart,NA,2012-06-12,FALSE,NA,Ted Hart
237,Tess Grainger,tessng@interchange.ubc.ca,NA,TRUE,NA,Tess Grainger
238,Theraesa Coyle,theraesa@interchange.ubc.ca,NA,FALSE,NA,Theraesa Coyle
239,Thierry Heger,NA,2012-11-28,FALSE,NA,Thierry Heger
240,Thor Veen,NA,NA,FALSE,NA,Thor Veen
241,Thuy Nguyen,NA,NA,FALSE,NA,Thuy Nguyen
242,Travis Ingram,ingram@zoology.ubc.ca,NA,TRUE,2011-09-22,Travis Ingram
243,Vinnie Farjalla,vinicius.farjalla@gmail.com,NA,TRUE,2011-02-23,Vinnie Farjalla
244,Virginia Noble,NA,NA,FALSE,NA,Virginia Noble
245,Wes Wenhardt,wenhardt@ubc.ca,NA,TRUE,2011-07-15,Wes Wenhardt
246,William Mountbatten,NA,2012-09-19,FALSE,NA,William Mountbatten
247,Yoshi Hirakawa,NA,2012-06-12,FALSE,NA,Yoshi Hirakawa
248,Yukiko Stranger-Jones,yukiko.stranger-jones@beatymuseum.ubc.ca,NA,FALSE,NA,Yukiko Stranger-Jones
249,Zach Daly,NA,2012-09-19,FALSE,NA,Zach Daly
250,Isabel Marquez,NA,2013-04-22,FALSE,NA,Isabel Marquez
